ds,yhat,yhat_lower,yhat_upper
2023-07-01,103826.47559025719,70800.35620092013,136339.95764043916
2023-07-02,25067.64749370342,-7531.059690686516,58876.77793984892
2023-07-03,91500.31420729806,55695.814128252234,124330.09551173351
2023-07-04,96713.66746609307,62236.908896071414,128939.32642832294
2023-07-05,89225.54471218366,53982.94940890857,122030.30710810109
2023-07-06,95918.88811105762,60505.26760450492,129525.94664339664
2023-07-07,126755.13137791157,94802.53359658881,160106.560132702
2023-07-08,108617.0451245945,75556.08984656843,140797.576518668
2023-07-09,29991.635505991428,-2168.7295828773113,65020.117512228
2023-07-10,96510.95195450766,66987.75615449448,131976.4677566147
2023-07-11,101754.16399402753,68748.7916802138,138423.0692566248
2023-07-12,94229.7762901195,58608.37588603353,125661.31051588063
2023-07-13,100812.50835405219,65835.54239072916,134740.9067290315
2023-07-14,131457.0800475118,97505.45529729058,163039.5551401601
2023-07-15,113041.41879255389,78754.463839312,144451.396204083
2023-07-16,34049.869447479075,-1268.732784135701,66589.84984355913
2023-07-17,100114.25027805241,64216.73356499826,132910.64804627307
2023-07-18,104816.10455660532,70414.89668501174,138531.39768123507
2023-07-19,96669.00874821961,62779.70284883201,130397.76928483909
2023-07-20,102555.45807255934,71667.82530116994,138260.66161842088
2023-07-21,132440.56775527785,96981.52949784526,165481.03786601583
2023-07-22,113215.10595895187,80217.21060349587,147911.7786082763
2023-07-23,33378.44241170429,-2357.5891701129513,66039.4034485487
2023-07-24,98579.26213485756,62298.85045987662,134027.00171725565
2023-07-25,102417.40253776783,66476.2729389298,134722.870874883
2023-07-26,93425.68610754472,61440.39409961809,126987.65572792607
2023-07-27,98506.28295501323,65276.82728045195,133538.7517270999
2023-07-28,127643.85681835737,95029.80026925921,160184.35038023576
2023-07-29,107748.02715729765,72279.2800536674,142550.0624541166
2023-07-30,27335.74884163124,-5736.622567482268,60354.57327112813
2023-07-31,92071.4766331528,58719.7271178859,124014.02894788612
2023-08-01,95568.49027730922,62753.464154419504,129339.03285537724
2023-08-02,86370.26917229053,52155.50773526475,118587.99440669856
2023-08-03,91386.46627744455,56699.6151893559,125289.1663628503
2023-08-04,120605.74841471302,87025.28943681812,157219.82300390786
2023-08-05,100938.04685413104,66347.06275981116,133363.2408280203
2023-08-06,20896.82824886548,-13285.193767468076,54188.2357285501
2023-08-07,86139.25871788608,52276.393459993,120670.69744014136
2023-08-08,90267.63924299936,55753.1509953856,124209.0537558731
2023-08-09,81811.00039181291,48096.68425772272,115875.24679758056
2023-08-10,87661.40170747036,52623.72912566838,123389.04688464994
2023-08-11,117787.19532655043,83164.5443888992,151302.73104840395
2023-08-12,99075.78703039547,65433.722895097475,135048.35743249362
2023-08-13,20016.491312001046,-12775.845975485972,54300.382850639835
2023-08-14,86241.3373069971,53495.27209371213,121201.3142300543
2023-08-15,91327.18584445101,57520.21152413377,123546.52163862856
2023-08-16,83778.02622940445,46574.439485582014,115721.4091399608
2023-08-17,90461.97778247316,58048.6335755783,123506.84250499804
2023-08-18,121325.23508750909,87674.44614033523,155255.43674093075
2023-08-19,103235.46984012108,66329.79390692222,135767.00165012592
2023-08-20,24665.266501063234,-9332.456134249,56903.51651725093
2023-08-21,91233.4307355954,58021.3767178415,124526.06258336795
2023-08-22,96507.51510954404,62842.29277678998,131134.56093506774
2023-08-23,88986.41743895269,54374.349094624835,121294.83492828968
2023-08-24,95537.56660757533,59710.53686735897,128425.33802649658
2023-08-25,126110.92793451963,92706.97055317758,160616.60877616698
2023-08-26,107582.33770760946,73948.04448514889,141354.21387052687
2023-08-27,28436.744534361256,-5303.302504462884,61355.57144108182
2023-08-28,94309.20069813207,59207.858270379096,128267.24724466972
2023-08-29,98786.95587635919,64985.42427593631,131485.1481293732
2023-08-30,90391.51997442826,54629.85198387508,122737.6112185497
2023-08-31,96015.22444081628,65218.41086280597,129744.04257965251
2023-09-01,125634.5314659753,91953.0154062519,160405.9711405908
2023-09-02,106152.62030421187,71736.72686396293,143899.8043262654
2023-09-04,91083.9623011507,57922.737311993034,125852.5525145605
2023-09-05,94771.40571580236,59735.145354422464,131149.7201870298
2023-09-06,85688.6607681687,52722.322234207204,121143.66133776934
2023-09-07,90748.12709685396,58382.744923955026,124857.69296619495
2023-09-08,119942.83643330791,86527.48348700655,153392.84813149122
2023-09-09,100188.54072585145,63665.61950950289,133868.5436365744
2023-09-11,85059.87480956793,51155.666600317985,117830.72953703272
2023-09-12,88962.0262844439,55291.44733766945,122793.50537883728
2023-09-13,80250.75285595795,45977.46694619678,111660.85454372515
2023-09-14,85827.88069762914,52188.582686083435,120035.08619915435
2023-09-15,115671.55506055857,80628.38678867368,149884.3876941441
2023-09-16,96678.74543202405,65553.97661137789,127601.97409998078
2023-09-18,83319.31257471652,47800.51998130776,114294.22004573814
2023-09-19,88177.46733791783,53515.63823667335,123467.37033665544
2023-09-20,80432.73578322427,47315.47000754146,112714.51376713527
2023-09-21,86958.45417072493,53327.51657423079,120801.35545007861
2023-09-22,117704.72412594908,86027.53425882562,153218.1635589931
2023-09-23,99541.75129375752,68072.29840310756,136662.8200694503
2023-09-25,87527.80549521744,53280.86453109233,120732.2429294901
2023-09-26,92861.3793508785,58676.683422375136,126004.27706446101
2023-09-27,85440.07418739898,50220.55140134049,118283.0693857662
2023-09-28,92127.40636650736,59129.306472159835,124585.86317201269
2023-09-29,122868.47237792716,86724.32154680259,157131.02709638205
2023-09-30,104533.46099438731,72827.39116273068,139352.15876240068
2023-10-02,91699.80975113937,58285.31330630064,125251.09275662016
2023-10-03,96410.10389254296,61705.59025169876,129578.38027966367
2023-10-04,88246.77334242425,55335.483005789465,119778.8391069624
2023-10-05,94095.70040590846,60776.03103236874,129939.20564464924
2023-10-06,123927.3516951697,91231.88011321708,157355.59630348205
2023-10-07,104639.53803517795,69959.38806129259,136028.3280274148
2023-10-09,89886.86124983514,56314.80469018072,123056.80334898384
2023-10-10,93689.7784614727,60667.810312523754,125557.65173473697
2023-10-11,84691.57970858505,50199.36372787986,116931.5487127044
2023-10-12,89804.03618105363,56975.53884219103,126870.47789168962
2023-10-13,119020.57963546779,87458.40788003121,153072.6141155332
2023-10-14,99258.3329175291,67737.23640082146,133230.6066474397
2023-10-16,84034.16829740824,51753.74137659275,117422.50324975351
2023-10-17,87855.396517094,53101.17005973709,120500.15825012233
2023-10-18,79046.34567896742,44719.02716968458,114293.52559024272
2023-10-19,84513.15289909753,52028.42710994654,119109.16341581775
2023-10-20,114238.33573714513,80283.31045001253,149955.72475255793
2023-10-21,95123.1022457259,59198.85946632592,128728.57073397978
2023-10-23,81522.1845254441,48056.8318856219,116269.90375079439
2023-10-24,86267.44878097429,52925.024684632306,122231.43096609543
2023-10-25,78417.94531511467,46222.927677464744,112398.68379195896
2023-10-26,84848.08416933253,50109.52297489562,119154.27118271908
2023-10-27,115508.08447028516,80661.80839260011,150664.6281354552
2023-10-28,97267.28814276602,62525.15766656901,132183.50515968798
2023-10-30,85114.82051746297,52417.37008243386,120839.08237924856
2023-10-31,90381.43596960421,56846.16841323667,122881.48525335435
2023-11-01,82889.34823946551,50707.26600319938,118017.77490053479
2023-11-02,89497.42206796994,58261.362474264075,122587.81000464631
2023-11-03,120145.8516803058,86268.58179833266,154671.17444893872
2023-11-04,101699.91955318584,67853.72757790354,135336.6664622122
2023-11-06,88571.55002394934,56724.06442300137,123944.60213269587
2023-11-07,93090.68477852139,59595.52416182589,128552.16974165158
2023-11-08,84703.75499409692,52552.05503269848,120458.09335627682
2023-11-09,90295.87319077729,56279.74324642861,122959.29830343973
2023-11-10,119838.36206646878,85828.89129034491,152667.03448014555
2023-11-11,100231.72581422795,67909.57138584077,136236.5629906265
2023-11-13,84773.35177394902,50034.795096163194,121306.46687358283
2023-11-14,88205.23948674394,54082.829391573236,121244.3510315485
2023-11-15,78838.10594150818,43827.75578100414,111453.70571470205
2023-11-16,83597.05806691335,51131.84943477701,119437.75731420482
2023-11-17,112490.85578831023,78935.83941434661,145235.78923688573
2023-11-18,92453.73923585286,59299.760367534145,128292.3871102107
2023-11-20,76899.18437764468,45907.24320184169,109721.3809203322
2023-11-21,80705.31125211898,48255.34139252864,113243.98124031497
2023-11-22,72009.02892798699,40627.882099089846,105426.1116851979
2023-11-23,77737.25965818607,45863.29282103821,112683.79813019281
2023-11-24,107892.62573949834,73204.5944088143,142105.62159533854
2023-11-25,89395.2121296241,53524.56950203605,122261.15033867025
2023-11-27,77658.8781856946,46728.09606843781,112940.47304101959
2023-11-28,83677.54942142758,49135.078963221305,120885.32199133046
2023-11-29,77341.34167971503,43921.5111387663,111560.13225096323
2023-11-30,85529.35704362301,51835.801211690065,117948.66384778517
2023-12-01,118192.28805682976,84016.59000524235,151059.78583519964
2023-12-02,102195.40939952018,67678.50264571297,133709.26330944046
2023-12-04,95213.42531331342,61418.72716462122,130361.41900328007
2023-12-05,103374.08984231185,68437.04646551429,138010.1996774958
2023-12-06,98952.01770926968,64699.576887599454,130784.37784154882
2023-12-07,108777.67189414875,75900.23301754647,144729.71777615423
2023-12-08,142758.37669601355,108655.90530049281,177697.00085756124
2023-12-09,127722.46012427218,94086.39674788112,160098.75055019298
2023-12-11,121482.11316388602,86465.5495554666,155340.25269480128
2023-12-12,129389.76337331491,95749.35614804966,162706.1241525394
2023-12-13,124291.51381451573,88643.10695165822,156916.99920403378
2023-12-14,133024.1368955988,98055.02805818137,166927.97922978012
2023-12-15,165510.65140110484,133130.60114117517,202163.15686996782
2023-12-16,148604.1667655151,114746.27198726118,182007.72157555286
2023-12-18,137634.72763534723,105030.8241792978,171036.89154758942
2023-12-19,142773.03552990285,108070.3922510128,174448.62581022817
2023-12-20,134705.36802354045,98422.23993941979,168364.33802790206
2023-12-21,140326.7656071572,108592.96919994851,177306.8527990523
2023-12-22,169621.6246025402,137039.3082861005,203276.04267041569
2023-12-23,149506.08360278187,114154.7532926942,181398.15261735863
2023-12-24,68510.18798421763,35618.28081908847,101654.83274103426
2023-12-27,123831.71343907985,90268.3608447673,157658.9752790666
2023-12-28,127056.26488919182,93176.2327295417,161634.93742921785
2023-12-29,154267.71267568157,122759.53325828307,186062.95910381278
2023-12-30,132417.27512208867,96866.10402877047,166221.47254545667
2023-12-31,50061.699581032604,14954.873140470243,84720.57697194841
2024-01-02,114586.56828550049,80259.45408550836,148630.72597353096
2024-01-03,103686.6834996173,71565.66162933825,137601.7962264802
2024-01-04,107137.12332282992,74356.83236642102,140300.7984906476
2024-01-05,134946.01595331306,99946.28230728631,164279.10195549988
2024-01-06,114037.36650860007,77482.36629484053,147915.82452329432
2024-01-08,97294.00201830667,64324.629067861955,129151.12632169317
2024-01-09,100719.94992971854,65732.68436015554,133446.38574848857
2024-01-10,91733.27548654668,56037.97184166436,123720.01522739351
2024-01-11,97214.82564048312,63863.99728533767,132391.76572201567
2024-01-12,127117.94176466041,93744.32785947892,160659.5007391518
2024-01-13,108311.87750023713,74401.37436385568,140322.58462935264
2024-01-15,95588.20936102555,63395.37943072702,129783.10865906712
2024-01-16,100834.10947286928,66245.09435944869,134908.3125225987
2024-01-17,93483.78122207125,60502.34542340112,129171.6613567346
2024-01-18,100382.65503768681,66875.4405678633,137184.32234419734
2024-01-19,131455.50436763073,95720.08815854578,164987.22654888267
2024-01-20,113550.45329903126,78639.88167209567,147119.5051307476
2024-01-22,101777.40111283783,66463.93807284071,135063.57191711746
2024-01-23,107070.19568001355,71964.37112977498,138439.84706886573
2024-01-24,99492.31267916173,68142.90092534867,135274.43827081047
2024-01-25,105906.68071887431,72010.95624363663,138805.94914852554
2024-01-26,136262.13032687362,103178.49546500276,169473.19136577094
2024-01-27,117436.5848819062,82182.38244544933,149914.29779518658
2024-01-29,103355.30999199222,68179.66397593546,134368.48336978885
2024-01-30,107339.53614261886,71974.57109788501,139956.60331489766
2024-01-31,98405.95905694118,66986.85336331146,128548.27179227513
2024-02-01,103459.88253487309,72193.4506757079,135916.99246208897
2024-02-02,132491.4684144831,101214.57667568761,165267.9751831229
2024-02-03,112417.78638339833,81297.03041187408,146683.44797601487
2024-02-05,96206.84826651808,63649.07787418014,130043.82864700745
2024-02-06,99367.98502897346,65788.72612327727,133064.40247988535
2024-02-07,89802.46115242818,58386.709795013405,123639.89392649021
2024-02-08,94430.53071632517,61049.9851416274,126458.93862482918
2024-02-09,123250.88870217378,89288.78176636987,154558.4008079282
2024-02-10,103182.61716014773,68412.43882852951,135213.07916620444
2024-02-12,87608.5600564523,55073.21279939882,122868.18776896378
2024-02-13,91376.35635788122,56780.19441247876,124038.40257318545
2024-02-14,82581.38212681144,50333.7990993585,114871.13432587261
2024-02-15,88118.08171084037,55666.36471273922,120539.80975834148
2024-02-16,117955.8141809337,81804.73341531568,150213.55231771755
2024-02-17,98981.74209531127,66951.50898473135,134210.7411700986
2024-02-19,85692.00528554808,51972.28932409422,121874.83053406978
2024-02-20,90580.21617535356,56652.93560813898,125899.44285817447
2024-02-21,82849.27011184623,48544.760490199886,117538.37872050455
2024-02-22,89363.94125900386,56525.4951417201,124764.70048398625
2024-02-23,120067.19068027155,86572.01319560282,152406.9111272943
2024-02-24,101823.79698907235,68536.21357599084,135354.17473839188
2024-02-26,89524.95302656443,56352.49306760948,127428.45342308469
2024-02-27,94653.42865333437,61040.12109585403,128351.04194927991
2024-02-28,86988.45105822757,53063.922783429494,121074.46412983401
2024-02-29,93398.54467045657,59403.0053373721,126542.30198486768
2024-03-01,123835.72372001389,90924.12203222871,155709.502669351
2024-03-02,105178.76883331833,74230.53913526941,137088.41582400684
2024-03-04,91687.95583799422,58645.81465919133,123084.44656947516
2024-03-05,96085.65061261399,64778.186759214346,127620.34809790163
2024-03-06,87636.09433520581,53183.80108239567,123956.18573354215
2024-03-07,93236.80204628341,59186.0183333766,124233.54715014808
2024-03-08,122869.23730949491,90548.70794927812,157943.7887702434
2024-03-09,103441.16598906285,70644.89408178753,133684.11139871713
2024-03-11,88617.26672268737,54358.595544785334,123024.74543251605
2024-03-12,92500.80370785277,56845.266162460466,128933.55563896518
2024-03-13,83664.88164284134,51707.99282577953,116728.4908365543
2024-03-14,89021.50645380002,57918.559669945425,122195.43288687403
2024-03-15,118561.95861549382,87279.54960320634,154090.82933655003
2024-03-16,99198.85881014378,66726.46116316131,131137.61022328158
2024-03-18,84969.71486468619,50320.36660659948,116413.63766797702
2024-03-19,89367.48635567575,53824.23425444202,120946.32478483583
2024-03-20,81172.1489292002,47816.45302105894,115259.37674097507
2024-03-21,87276.77034477472,55256.830438347206,122556.48099205646
2024-03-22,117650.14810744085,85608.58507882988,151496.4271738051
2024-03-23,99183.30302272007,64796.943095008646,133504.32552808753
2024-03-25,86814.46090892573,55313.408549545165,117897.73637195386
2024-03-26,92118.52221926647,57859.88545262875,123699.52028570233
2024-03-27,84775.29334422377,50875.55874838722,120176.77873674528
2024-03-28,91650.61080358621,55973.9272473816,126154.9901170041
2024-03-30,104753.24939903288,71087.55887649875,139165.03240676277
2024-04-01,92992.38041952622,60215.731345685665,125953.90789506781
2024-04-02,98348.37456639238,62714.593735652736,132873.6526547932
2024-04-03,90880.90027850177,56438.56393016609,123465.61361554998
2024-04-04,97455.97175252294,64309.895947551246,130012.92298034973
2024-04-05,128022.57726585606,92901.68467237061,160867.9371737798
2024-04-06,109456.05153746379,75002.62280245511,144554.1553158111
2024-04-08,96013.98851903316,61815.20859432267,127456.7502103125
2024-04-09,100362.24210004434,68346.20653582325,135853.6008038461
2024-04-10,91809.07063201713,57273.14896197205,124003.12328332422
2024-04-11,97248.70330457768,66479.93919936572,131347.16709404485
2024-04-12,126659.89326631193,93333.94033134458,158027.2315814325
2024-04-13,106948.45433678705,72339.63857278234,138794.5312606425
2024-04-15,91368.44239670964,57085.667618375315,126375.13751431483
2024-04-16,94780.56037395516,60394.65217713755,127555.92655154956
2024-04-17,85413.97575191934,51962.39899201996,116362.3662333885
2024-04-18,90184.64304195307,54981.418773246805,123455.83515735384
2024-04-19,119089.19209387887,87310.4385519218,150937.32534694002
2024-04-20,99046.98221482977,68683.59421784873,130854.80217122339
2024-04-22,83363.54434362633,48144.15330027565,118913.91472662787
2024-04-23,87005.88384289642,52656.94557465082,120647.31474065308
2024-04-24,78051.10926295086,44607.384184105795,111999.00385703007
2024-04-25,83404.40154535926,50205.75801345013,116823.51177132117
2024-04-26,113047.17754569049,79092.42902167246,147142.4011773774
2024-04-27,93879.58536838194,59176.30103896481,127103.04858065069
2024-04-29,80261.09809164368,43480.16731742506,113585.28138998058
2024-04-30,85040.72236447595,50833.570964051374,115769.49087163259
2024-05-01,77254.99711851928,45615.120197885364,112686.87618141354
2024-05-02,83783.9294897223,51284.692637386695,116430.01638960499
2024-05-03,114575.41276353586,82116.18023509029,148209.61087769648
2024-05-04,96501.38729810086,63408.33982730842,131302.8742030329
2024-05-06,84801.26115297724,51217.52307196555,118201.21390665861
2024-05-07,90360.71106168591,58871.72274387867,124375.68809170568
2024-05-08,83210.8483603637,50574.971852215305,117366.86122258648
2024-05-09,90213.93946828644,55797.48817107756,123972.81382075667
2024-05-10,121312.97855157295,86011.43698023945,151982.55170656662
2024-05-11,103375.12787833222,70450.78143367024,136990.58030006042
2024-05-13,91436.30842111142,59015.67927191462,124849.92294664362
2024-05-14,96633.18183830584,64199.240389740815,130068.10399193074
2024-05-15,88973.43137850348,57522.315599655536,124339.47403294267
2024-05-16,95334.87178387631,63165.270971737715,129123.6798309176
2024-05-17,125678.99748050653,90447.58626690587,159140.4986933687
2024-05-18,106893.85359435416,73026.98822034286,140245.43335451136
2024-05-20,93074.98858386313,59419.43207252308,128955.93397294097
2024-05-21,97287.0451793025,63433.79227061743,130450.85509758578
2024-05-22,88644.63754190491,55783.10626721867,122248.72535152554
2024-05-23,94048.67725174442,62211.417256127235,129116.90323031535
2024-05-24,123482.2978299468,91933.99551042223,159628.15478513876
2024-05-25,103853.19104293869,71158.30450710733,138019.62574757903
2024-05-27,88611.97132339538,55575.68847128286,124065.93640965043
2024-05-28,92271.25552411171,58398.32344755049,125268.7538204797
2024-05-29,83193.39473015262,50830.448978477936,115817.43788696942
2024-05-30,88283.89629288012,54245.527093980076,118614.6893868038
2024-05-31,117527.14514933442,84359.2454897129,151048.9967854101
2024-06-01,97828.86278869295,65726.8588097444,130022.17344671115
2024-06-03,82790.25976635607,51105.213282307064,119333.50429911239
2024-06-04,86703.61720730469,53228.43836876642,117597.67982008733
2024-06-05,77966.37943239346,45598.395406701056,110687.90868533998
2024-06-06,83470.65118267885,50707.022034907146,117742.19013745351
2024-06-07,113186.45341079021,79248.42077441033,145851.97993292086
2024-06-08,94004.68252019308,60078.59865035797,127371.15063287129
2024-06-10,80072.30262361307,48611.32633218584,114177.78301676344
2024-06-11,84551.16107421904,51308.126929304904,117756.68631804777
2024-06-12,76368.88042939149,43512.535038200265,112361.60013140831
2024-06-13,82407.13824820852,47743.54998936668,113302.11129189053
2024-06-14,112627.39792986147,78776.29927014308,145028.0405716458
2024-06-15,93914.03390113998,63534.029484205385,125719.12391791878
2024-06-17,80794.82903375072,48869.670375559246,115029.54892000397
2024-06-18,85612.49292125912,49823.81170281694,117626.73445091138
2024-06-19,77727.69921328712,42574.17592561926,112481.5622303897
2024-06-20,84025.44468288592,50888.88706593899,116876.52835076395
2024-06-21,114471.89865563417,82040.39457799906,148792.7283693002
2024-06-22,95957.20076033896,62246.280187854514,130253.15108553343
2024-06-24,83178.91332880358,50277.4415095038,119436.33608858493
2024-06-25,88152.3195537105,54818.118223615704,125980.61118942675
2024-06-26,80421.95958423072,48559.38542713124,116582.88101897192
2024-06-27,86878.29757703243,51110.14334269256,121113.25453174033
2024-06-28,117491.857333386,83545.64788253773,150921.24798108978
2024-06-29,99155.75456788525,63146.92669659027,131772.05570547393
2024-07-01,86772.97100521601,55346.983136557224,119569.3582671709
2024-07-02,91960.83902438049,55547.56866871244,126309.39078639356
2024-07-03,84451.48403769667,51170.106803220595,118173.16843594734
2024-07-04,91129.79381611988,58008.31825824176,122499.86310805214
2024-07-05,121959.19423929286,86769.84618438571,156012.1392717983
2024-07-06,103824.41479640121,69603.29465246286,138259.15328712118
2024-07-08,91762.56250330358,56438.101187210086,124584.67100588122
2024-07-09,97049.72955323123,60669.163852753976,129965.70250595556
2024-07-10,89585.34025977497,55727.22767172858,123376.03304024832
2024-07-11,96244.73729493706,63133.322396250005,130569.34066104438
2024-07-12,126982.80785871668,93289.4948731887,159686.97801561918
2024-07-13,108677.15477837612,75467.02069663229,144711.5990480443
2024-07-15,96015.66447290569,61131.693125276004,129017.65629880271
2024-07-16,100869.97633708465,64929.80089423352,135013.82327155033
2024-07-17,92885.46551598364,57887.93958649574,128973.40744380507
2024-07-18,98941.86793890798,65650.35017403406,132202.39179847864
2024-07-19,129002.75764670223,95701.07484292955,161632.4359651145
2024-07-20,109953.90801633167,77096.42872872908,144900.74333995424
2024-07-22,95659.23712938101,61367.44610151509,129265.35034163742
2024-07-23,99654.51534485108,65318.88947441729,132065.4836538131
2024-07-24,90806.13583652845,56679.24560816508,123014.54133418243
2024-07-25,96012.89000985981,61918.46984260631,129711.29004066832
2024-07-26,125256.38789850043,91398.25058859584,156562.23884003516
2024-07-27,105443.61893996816,71106.59646129241,140467.8327825954
2024-07-29,89856.71906585808,57347.94905591813,121114.04315165302
2024-07-30,93357.91520756086,57961.08059275653,124741.77655407088
2024-07-31,84136.30252979828,53538.481817109845,117421.80611775767
2024-08-01,89102.06509757183,54288.9726924464,122293.35024307223
2024-08-02,118245.12141936933,85192.06645514381,151767.93374962997
2024-08-03,98477.3576346005,65054.480535792936,131372.90482085285
2024-08-05,83418.02132372485,51448.28155869192,117324.15265210188
2024-08-06,87392.89743888224,56997.75226587018,123572.62965881106
2024-08-07,78772.70939032984,45154.65172053975,113665.34862103006
2024-08-08,84454.03342841928,51229.33299303991,117659.68107913606
2024-08-09,114409.9447682276,78619.86035371768,146407.37227504543
2024-08-10,95532.65051863392,60585.65777292778,130369.80840164328
2024-08-12,82397.21834799624,44875.479296023615,117229.63321452918
2024-08-13,87356.77191308653,56259.994304371095,122687.54547197344
2024-08-14,79702.66402686284,47283.41322818264,112311.74669185998
2024-08-15,86306.26377981436,50744.433264900814,120526.63205898178
2024-08-16,117116.36584835622,84658.08257171082,151176.89138756742
2024-08-17,99002.51211068445,64180.07174414939,134146.73847078832
2024-08-19,87042.98766099145,52617.44132526226,121147.34702938619
2024-08-20,92383.33460637872,58718.60463746516,127416.99365632104
2024-08-21,84956.87928349714,52688.31183795138,117946.8562414722
2024-08-22,91628.8230983724,58993.61709536562,124407.1191932144
2024-08-23,122346.15945686074,87705.47841760628,158605.77544121104
2024-08-24,103981.0869915173,69115.03782801756,136846.52593388516
2024-08-26,91076.34360704555,56044.18512528958,126278.64330884108
2024-08-27,95749.34181957331,62645.39728603167,127654.75000757785
2024-08-28,87549.69658508617,52742.50160381929,120091.51238789855
2024-08-29,93364.54793668442,60150.26118680855,127745.28195299894
2024-08-30,123165.28201248629,87992.11804015824,156899.3617380123
2024-08-31,103850.26420481905,70122.87228039569,139195.3262466311
2024-09-02,89054.67911502883,55437.90011298287,124021.34542427452
2024-09-03,92841.19181613844,57307.48615329915,125061.34159464756
2024-09-04,83828.97426652687,51654.38364764543,118007.726038487
2024-09-05,88928.76024866066,55158.25535772658,123378.74043493031
2024-09-06,118132.78907421647,83896.80432327528,153668.62722448332
2024-09-07,98356.92114923162,64739.153377997114,134925.08802910056
2024-09-09,83097.3549008074,50990.31729070186,117642.1514291074
2024-09-10,86894.77906478489,50800.60002522762,120057.70459583018
2024-09-11,78056.96143051212,47292.769291532684,114392.8643949701
2024-09-12,83489.84348627881,50115.45009493418,119123.01208938849
2024-09-13,113176.21962890807,78943.1639428248,144795.44385735237
2024-09-14,94018.10779630707,57176.055865185626,126269.17845292827
2024-09-16,80325.35770612638,45311.57803249099,115205.25764822631
2024-09-17,85026.22935512802,51908.31708750533,118983.16229615673
2024-09-18,77137.35678912184,43933.395850530025,112093.59262203217
2024-09-19,83536.8159001101,50323.91150767611,116579.59713479741
2024-09-20,114178.9313386102,81851.54690580106,145645.21929415927
2024-09-21,95937.48695945342,60635.20085299437,130213.24813749039
2024-09-23,83854.09868162067,52394.68722379329,118937.40584526026
2024-09-24,89199.75744614967,54302.32625976007,121461.31070321324
2024-09-25,81822.23166162184,51237.69452602738,117569.01547775377
2024-09-26,88584.2181549578,53672.58716650991,120981.68943500251
2024-09-27,119429.06192874734,85752.02174765973,152290.06112649693
2024-09-28,101224.31606150814,69319.00947978323,133609.677136832
2024-09-30,88716.16798458509,55245.56035130455,124008.71749871908
2024-10-01,93612.80067797043,60897.44229522343,128232.200221071
2024-10-02,85644.7601341335,51343.9475161933,118191.21042854495
2024-10-03,91692.44345002213,59084.423591671744,125312.50188834702
2024-10-04,121720.7037493977,87146.16330126174,155091.9838188779
2024-10-05,102621.78032817107,67996.4742414136,134290.49085342046
2024-10-07,88202.66902293704,53448.67226355998,120843.31949407056
2024-10-08,92140.83238960974,57005.3915108194,123823.9081384503
2024-10-09,83251.59922961627,49081.749687677446,117690.00817438222
2024-10-10,88443.76315620168,55006.449610392716,123701.78937803463
2024-10-11,117708.67309621569,82184.99750504961,150794.80164304213
2024-10-12,97962.33638616347,64913.90288364468,132904.81395024827
2024-10-14,82673.23008146629,47749.65398165889,118287.34271883298
2024-10-15,86416.45508866536,50665.263825700895,117288.45419527932
2024-10-16,77502.57562488575,45688.986206301175,110499.17153501084
2024-10-17,82841.49634210391,51854.46481720806,118035.44595706777
2024-10-18,112420.27680676355,77510.75699917717,145029.4989891939
2024-10-19,93145.31027039167,59839.533614033375,127337.14546476699
2024-10-21,79207.95725727596,45765.529190099805,113275.69953476728
2024-10-22,83788.64921440833,51468.230502323066,117568.31091002359
2024-10-23,75785.13069663726,41985.36759430409,109819.99701387018
2024-10-24,82077.65134948926,46924.73130067288,114009.33306366073
2024-10-25,112621.84004044866,78574.12435448,144380.03483848265
2024-10-26,94291.84114073448,59749.313348953845,130134.96081677155
2024-10-28,82056.01481415125,48568.98631316827,113573.77535075182
2024-10-29,87333.68651977564,50715.48825664666,122365.53299436976
2024-10-30,79889.48217403538,45918.5110866346,113152.54495670233
2024-10-31,86582.06339336692,53666.82359849952,118835.65435145106
2024-11-01,117350.22157253059,82629.37920294302,151526.807675295
2024-11-02,99056.64806204621,66462.83244213178,133033.55370832913
2024-11-04,86314.89511649219,52501.73822414267,121828.17024046039
2024-11-05,91057.75626283744,57681.85888829471,125639.7615750843
2024-11-06,82906.37836242159,49104.19073105756,116259.48156040903
2024-11-07,88738.70292407452,55452.24643097541,122745.93826667417
2024-11-08,118518.44390904596,82955.98271148544,150188.47029184995
2024-11-09,99138.26897187361,65584.39115424486,129525.63881637368
2024-11-11,84069.29241307847,50459.40288341865,117367.39108418934
2024-11-12,87649.31469755158,53814.85866867196,121531.71024962554
2024-11-13,78390.36483433732,46793.80115858126,112595.87473393409
2024-11-14,83211.9013711372,50183.58985450684,116701.22130453336
2024-11-15,112118.08722195451,77567.14476666346,143700.72533831227
2024-11-16,92039.77614314097,58917.43084529005,125139.24127275865
2024-11-18,76235.33340331713,43081.569619525384,108262.262079676
2024-11-19,79833.03711138584,46650.688408202244,111870.23933235019
2024-11-20,70875.36576227061,37358.15691201244,102463.6206729961
2024-11-21,76293.12411572032,43851.01061765723,109892.26214642155
2024-11-22,106094.2437168243,71188.15207787132,138377.17307589966
2024-11-23,87205.44333568176,50720.17658420122,121938.72731992468
2024-11-25,74607.20221488658,38880.45605039605,106774.77866427643
2024-11-26,80173.82211575803,48614.47085398054,115338.72330276427
2024-11-27,73384.92926277418,42372.149102108044,109697.31657513854
2024-11-28,81130.17693758383,48940.170298779914,113125.01631089856
2024-11-29,113370.88166491267,81180.10043014011,146101.82821774852
2024-11-30,96982.74910023226,66682.93354717722,129515.43832161749
2024-12-02,89350.35315039802,54502.38103567947,121784.98328359217
2024-12-03,97269.42181642642,65986.5026077688,130880.44238773498
2024-12-04,92671.3886507044,59018.96021174289,126359.03192048616
2024-12-05,102392.47504616421,68225.76701799483,133404.6423031276
2024-12-06,136344.23515131138,101827.5529583967,169407.41081088036
2024-12-07,121357.57558602194,90626.01227498201,157356.6059685098
2024-12-09,115451.95728423854,82730.46892490884,149500.21429148398
2024-12-10,123641.45933632778,91090.70676773362,158605.98262972842
2024-12-11,118896.07936684566,86343.30651729318,152712.27283328582
2024-12-12,128046.55739804241,93865.07022897985,162580.28157558988
2024-12-13,161008.39177290967,129128.1694932685,194020.48559317045
2024-12-14,144625.85612192916,108765.2150888469,176724.2766743237
2024-12-16,134809.5481413819,101960.81576224536,170397.5089793453
2024-12-17,140554.78170992757,107678.45512959582,172677.8223759554
2024-12-18,133098.68554396444,98964.31564908754,164520.50105192306
2024-12-19,139324.4544237837,104788.71302062419,172937.52451616322
2024-12-20,169204.85807055276,133702.93164660392,200049.20749148907
2024-12-21,149644.90450737777,117959.76167771527,182807.90699994715
2024-12-23,133437.3515022818,101222.31374286574,169292.36250660353
2024-12-24,136094.35159302008,104375.88434740962,167993.71463058065
2024-12-27,156611.78223102057,123598.09221408151,189894.12813314662
2024-12-28,134886.45818892328,102536.27255324057,166992.57118974198
2024-12-30,115398.53205123745,84491.57110200287,151037.26130602835
2024-12-31,116989.42594705417,84880.84681211546,149907.09304145083
2025-01-02,109165.21041539934,71699.238958592,140792.37335351307
2025-01-03,136706.50208008854,104467.12767501455,170401.8837138592
2025-01-04,115487.97435257377,82784.69693300671,150739.74623284984
2025-01-06,98036.38518904628,64343.38504245145,129984.38447469453
2025-01-07,101084.27161982229,65305.57671378283,132982.28835779245
2025-01-08,91717.30091705413,58036.66819646374,129365.81584782878
2025-01-09,96826.37964447288,64136.35868538634,129709.02487002104
2025-01-10,126374.4133254163,94493.56494792318,159094.81250885874
2025-01-11,107239.48915125753,76545.20177745404,140555.30845762606
2025-01-13,93967.2044435465,58210.02687458314,127198.51928390579
2025-01-14,99005.59698329883,63048.41449304103,130434.95932948613
2025-01-15,91498.21567072038,58721.765692267225,126189.52662048554
2025-01-16,98293.11410598342,63439.93924475611,130726.05393342195
2025-01-17,129316.18447985493,96467.8842914325,161163.14690934005
2025-01-18,111415.1707435533,77329.75510110146,144067.1371564476
2025-01-20,99802.93995573017,66327.02325222411,134138.12513680547
2025-01-21,105244.86458873382,72372.83069552622,142440.99348015926
2025-01-22,97854.89094207702,62339.11242487093,132848.4367486502
2025-01-23,104489.47835105807,68941.12186014374,139311.16756270966
2025-01-24,135090.26879817597,101267.7821029829,169501.055689768
2025-01-25,116527.49407113135,84733.84068743464,149174.03022225932
2025-01-27,102992.12770223618,69017.65988997435,136299.5174929218
2025-01-28,107243.6369898504,73291.2284257904,140220.25332971496
2025-01-29,98563.50654568517,61521.813368252915,131204.48858808735
2025-01-30,103850.19379807569,68675.32022588454,137444.91745178902
2025-01-31,133087.79169526265,99241.5188107203,167226.16999507826
2025-02-01,113188.2338946179,77527.73506867871,144974.5823440519
2025-02-03,97214.72422181325,65633.09521584303,128444.70492579696
2025-02-04,100434.52619370556,66230.38111877693,133553.10998725178
2025-02-05,90886.58344701915,58161.495188354726,123746.9323500364
2025-02-06,95491.89099727002,60488.30499645731,129663.77751518613
2025-02-07,124251.05786929975,89189.6486704706,155327.86044285292
2025-02-08,104086.17231089968,73188.86512300927,139857.12316443288
2025-02-10,88229.4104242244,53166.28946371717,120182.24748410248
2025-02-11,91819.37459069326,55436.501157878636,123477.74239810188
2025-02-12,82831.49664000342,49201.17019978486,113150.02292149728
2025-02-13,88166.55811197625,52038.8617793449,121141.5665167901
2025-02-14,117800.37738693893,84500.3121686499,152777.03533372065
2025-02-15,98626.50294861483,61853.428971239024,132362.89311928282
2025-02-17,84973.54061359279,53038.82183541188,119979.32254887056
2025-02-18,89709.08108832168,56738.56986303858,124999.16647101453
2025-02-19,81850.77473975014,48748.090741043634,116102.96295199991
2025-02-20,88266.85240684552,55401.64686491602,122347.04310417494
2025-02-21,118902.77363685262,86652.0049449839,152383.1560053185
2025-02-22,100624.79660777193,69522.79560515944,134200.90747027547
2025-02-24,88355.7002394654,55203.06540716247,121956.50930777982
2025-02-25,93546.26664887425,58739.028807079165,126879.73496566304
2025-02-26,85971.74261945949,49903.209448882895,117556.40719513893
2025-02-27,92497.22394497962,60725.04541908722,128306.47241951746
2025-02-28,123070.55767778357,89847.90851519722,157755.12838963975
2025-03-01,104565.75664196361,70194.09096310897,140500.13201275826
2025-03-03,91406.1145207949,58242.89676741602,123698.08995777073
2025-03-04,95971.73441894638,65689.42139295129,129336.51912418602
2025-03-05,87684.26733024405,53803.17476564018,123203.63517952168
2025-03-06,93435.93979233124,60355.897190256255,127508.47427308938
2025-03-07,123203.33064684608,87255.2537410749,154761.00701666257
2025-03-08,103889.87414092856,69053.689188723,135231.6373340849
2025-03-10,89220.388218179,56632.30324394134,123139.37642258596
2025-03-11,93138.89752270658,59420.5379302644,125540.8529680214
2025-03-12,84308.09733786383,50762.15973453276,119078.3024538307
2025-03-13,89639.92335194048,53840.72936271403,123456.10095346803
2025-03-14,119126.55156397936,86564.76581628341,153254.57634118313
2025-03-15,99682.4344853905,64151.65254644922,132531.93867194967
2025-03-17,85221.31153506871,54310.601264485,121000.55410293407
2025-03-18,89475.81741274506,54845.60321631214,123680.81726053587
2025-03-19,81125.17752956187,46366.493391202646,113775.33800349111
2025-03-20,87067.62393136682,51576.39061759492,121385.32273454686
2025-03-21,117277.37605959334,84194.68453011793,149592.15419853322
2025-03-22,98647.22902609892,65282.502109157744,132541.34632311345
2025-03-24,85985.51359276973,51817.31189434314,116720.9904562704
2025-03-25,91170.02304420722,57458.473649904845,124600.71349556741
2025-03-26,83731.04491844655,50143.725835818965,114222.84617123015
2025-03-27,90538.02398539618,57832.358717696865,125158.14011643629
2025-03-28,121537.53153549595,89875.55628797527,154012.62789522027
2025-03-29,103596.68701654201,70232.7762991365,135411.67130269553
2025-03-31,91923.9389599588,61363.448082471165,125972.86440115994
2025-04-01,97373.15909379451,67329.36908515291,132990.50280621502
2025-04-02,90029.59081778667,56176.14024684207,123922.3621274812
2025-04-03,96756.55136987328,63136.82264873486,131172.7041437902
2025-04-04,127499.51786645173,94773.3162807061,158953.82600924163
2025-04-05,109129.5983029639,75743.59289318876,143111.17549968013
2025-04-07,96121.72977039446,62690.84028125686,129651.80853518743
2025-04-08,100696.69253720282,65833.28660877829,133440.86190257018
2025-04-09,92369.023449755,57249.76625814572,126807.14758323382
2025-04-10,98027.20921520545,65489.39352534789,133338.60452730898
2025-04-11,127644.42836281212,93596.71288754269,162539.93316167046
2025-04-12,108121.24337967711,73062.77818968995,140697.1455510544
2025-04-14,92845.88517624649,57267.583828709845,125113.56248665099
2025-04-15,96366.7553343958,60938.02968224649,130314.40053080065
2025-04-16,87076.06054888705,51686.2674532092,122320.93322558032
2025-04-17,91887.97771133702,58095.26422159789,125840.37203948713
2025-04-19,100726.43089344534,64267.00012835589,132438.9424343824
2025-04-21,84882.5251177348,49573.954803111104,117982.53418586127
2025-04-22,88398.75267065085,55657.14819385497,122997.37148826884
2025-04-23,79291.75152477401,45872.87873154817,110689.76903549672
2025-04-24,84470.91018473197,50201.2154303872,118187.09465545251
2025-04-25,113922.39729425742,79502.46436714972,146657.37868497393
2025-04-26,94551.52401208927,59205.00916882799,127145.6090024833
2025-04-28,80512.34294453156,45322.691433081876,112048.63928741004
2025-04-29,85085.62561699685,51307.062423147334,119529.01559615976
2025-04-30,77103.4107960199,42253.12339192403,110110.45921314476
2025-05-01,83446.43244604963,47819.2922856518,118218.25125517305
2025-05-02,114071.45315212238,81042.29011897778,147563.98120594985
2025-05-03,95854.42187003515,62735.87917192815,129041.96136439304
2025-05-08,89293.8889741787,56192.43048095048,123225.47168836495
2025-05-09,120433.45226235878,89145.42006138587,153471.25493574896
2025-05-10,102566.24968127786,68680.73592833667,135570.38390598816
2025-05-12,90849.53290044711,55458.85777558578,124527.76631284998
2025-05-13,96191.52453688282,62274.32712878203,128887.3305049082
2025-05-14,88694.54346712753,56427.37082696431,122135.97879961846
2025-05-15,95232.1529560891,63499.99420062882,128526.16531789
2025-05-16,125761.37793873163,93871.63782491506,157874.90195204757
2025-05-17,107165.70265569029,75711.3024418404,141734.48937694557
2025-05-18,27937.954700224982,-5476.633591153872,62086.398721628175
2025-05-19,93720.93251389796,60860.13893840746,127368.79308195219
2025-05-20,98109.14283673406,61907.761656162715,131848.30297827185
2025-05-21,89630.52884841904,53166.29066283166,120762.43363914544
2025-05-22,95182.73164215112,61781.97228756535,128419.21926322991
2025-05-23,124746.14655000847,92290.61882462939,160503.52924759247
2025-05-24,105226.31406152155,70932.17010948616,139067.60245753787
2025-05-25,25136.252837045387,-7372.7094768065035,57976.63892315361
2025-05-26,90136.6066526772,56306.284088779496,123077.99511832642
2025-05-27,93836.98414939162,59406.89344751876,126383.89888996098
2025-05-28,84777.381717849,49438.25142021979,118846.2089056282
2025-05-29,89864.23874372871,56898.25188751975,123720.41821619506
2025-05-30,119083.39015085113,85318.75993083109,151462.08893695314
2025-05-31,99342.45618821717,66617.66994030039,134497.44571237869
2025-06-01,19153.2740029938,-13531.538685912059,54579.3921835324
2025-06-02,84172.18736781015,50774.86695557555,117295.03485724534
2025-06-03,88001.81212831863,53307.923016314766,122282.24906739767
2025-06-04,79172.66159306266,45910.65610185442,114088.74007362321
2025-06-05,84579.66270912814,49364.09527068968,117860.14040530707
2025-06-06,114195.5656324414,80287.90128748816,146186.26817311218
2025-06-07,94913.82013048268,59054.35888924646,129242.98481302481
2025-06-08,15231.506782428944,-15092.276830794528,48764.568173872955
2025-06-09,80790.17221330456,47360.752662747866,115775.13631583304
2025-06-10,85177.92234460499,51828.59883696733,117923.63351275862
2025-06-11,76911.63764687786,44299.81719952855,111468.05952261439
2025-06-12,82873.83268019432,50437.20133020187,115068.4061637983
2025-06-13,113026.39821544147,79848.79220957049,149510.04376032497
2025-06-14,94253.7403670258,61204.51652681125,130587.18346537472
2025-06-15,15045.897719093919,-19046.57159205128,46269.23353898171
2025-06-16,81039.48141443053,49235.568942109196,114698.36259383912
2025-06-17,85819.7907622321,52704.76136774647,116296.26111093207
2025-06-18,77902.96974799834,44537.863417531415,110313.60153457374
2025-06-19,84172.73091080473,50000.77062030864,115883.54272892897
2025-06-20,114593.89162744225,82210.64278588549,148148.98433057638
2025-06-21,96055.24633760045,63154.66224521269,130585.85198468636
2025-06-22,17052.36679284305,-17990.976510272256,48793.74583232719
2025-06-23,83228.18802039388,47932.25050954722,116082.61498549434
2025-06-24,88174.74645717579,56748.358067896166,122648.06303657351
2025-06-25,80414.95022874018,47924.63599423979,114263.90462371794
2025-06-26,86838.92282687318,53546.720954676806,119135.22593604244
2025-06-27,117417.17970867104,85297.2723744686,153421.91827287103
2025-06-28,99043.17502799715,65490.43847454035,131145.83942598308
2025-06-29,20215.822998832547,-12996.869202531154,52206.543232748074
2025-06-30,86579.86231138522,57091.631533320935,120906.16026064778
2025-07-01,91727.4387217433,56055.163669007234,128109.81305349944
2025-07-02,84179.79212382426,49778.785363202354,116903.05226058024
2025-07-03,90823.5931014544,57347.85272863403,123546.06338812242
2025-07-04,121624.18953745958,88468.36629546079,155505.86610592707
2025-07-05,103468.2987868772,67689.51613458368,136673.48065930136
2025-07-06,24846.722947864124,-9972.422385279931,60417.69518472902
2025-07-07,91395.06148676222,57626.40098131589,124689.82932008384
2025-07-08,96695.56140316668,66015.20917486542,130263.60854400575
2025-07-09,89259.20549472186,56887.62814819317,123966.20300085383
2025-07-10,95962.45786883969,61939.73323159303,127930.15136518439
2025-07-11,126760.93554885991,92892.40562678147,161575.91336840866
2025-07-12,108532.52660881041,74587.12400410464,143231.8325438901
2025-07-14,96074.73047702172,62983.59092819754,130897.38258171186
2025-07-15,101053.55881172695,68810.08862910527,133945.0047767547
2025-07-16,93206.5344933283,60384.95429410578,126749.13852224677
2025-07-17,99411.17601224166,66312.43746636464,133682.9605079682
2025-07-18,129626.81687842534,96005.48962342247,162221.68154177922
2025-07-19,110737.77378684108,77871.68574338498,145419.70982342603
2025-07-20,31236.457003583135,-1105.467917060602,65467.25345118354
2025-07-21,96764.26791262154,60894.76806379629,130693.70020279275
2025-07-22,100913.63673156919,66392.15467823762,135353.92098674865
2025-07-23,92210.06671217347,59070.00733158018,126934.53505345629
2025-07-24,97548.71270759642,64851.44095396588,130046.1767682877
2025-07-25,126907.74105356769,91717.6773726816,160139.92359839127
2025-07-26,107190.99666967939,74211.13318697707,140057.06093797172
2025-07-27,26910.572306718095,-6600.93501183272,59716.96311425755
2025-07-28,91727.14090582092,57033.126758870436,124414.76357383835
2025-07-29,95251.42120718425,60441.41216482666,127864.93284656634
2025-07-30,86025.66063632708,50725.419956951744,119952.83653256336
2025-07-31,90959.6810907206,58609.832454284275,123625.09694897727
2025-08-01,120043.75178709929,84618.02378361474,155926.1862533926
2025-08-02,100190.83121399746,66228.93645671407,132447.71019993824
2025-08-03,19918.787648260477,-12012.322286628367,53883.079725477684
2025-08-04,84890.47166008723,48602.469568501794,118030.7480774278
2025-08-05,88715.02070253054,54916.365731050275,121738.2120937585
2025-08-06,79929.28692037115,48502.71167835958,113207.6915715554
2025-08-07,85433.9377984666,53411.442805114515,117866.16946139181
2025-08-08,115206.49452025528,81969.63128492949,148942.3631979458
2025-08-09,96143.84709728346,62822.72758497165,131132.17892501512
2025-08-10,16744.85144772024,-16898.219266808537,51872.464927080524
2025-08-11,82650.86929652559,52583.3034021522,117083.93052488979
2025-08-12,87447.62224975093,54236.82700024616,121504.8768185878
2025-08-13,79647.23472011632,46373.12712704646,114779.67779226157
2025-08-14,86124.99867396937,52062.73116680315,120600.60516347598
2025-08-15,116833.10634153915,84643.9451000934,152419.80401107226
2025-08-16,98643.87036140685,64664.35085455061,129741.62767187215
2025-08-17,20033.014305225603,-11326.940349827806,53522.91640677266
2025-08-18,86620.87730402952,51633.459418011815,119291.27317878447
2025-08-19,91974.88081397503,60025.82382173493,125743.76589023233
2025-08-20,84592.11520750566,50590.8686370351,119453.71884883457
2025-08-21,91336.56191931696,59577.009564402375,123900.03369755908
2025-08-22,122153.18273690483,88191.40241653669,155387.78404277717
2025-08-23,103911.38394069692,69953.90183249886,138608.35926502096
2025-08-24,25088.429668075492,-7612.067492142434,59012.47956259415
2025-08-25,91310.64311952144,57108.35186678638,124655.05197930576
2025-08-26,96155.74222460932,61249.16837328537,129266.67104661009
2025-08-27,88135.16978106291,51632.32015260708,123286.55606983027
2025-08-28,94130.93986242499,61873.200629041516,130275.5049361401
2025-08-29,124109.24173306217,91124.14987525146,158260.0142345538
2025-08-30,104963.32197824083,70993.87355028067,139127.03403720027
2025-08-31,25196.235210367755,-7157.972502050467,55417.72667497514
2025-09-01,90461.32050918291,56844.20985097074,124191.23410144616
2025-09-02,94363.7707820805,62146.55546593338,130460.0430266855
2025-09-03,85442.17705099916,51995.325376638415,118641.04808393928
2025-09-04,90604.59226482012,58744.59322399791,122700.89823014365
2025-09-05,119841.37879344879,88923.15219207475,152205.93306138384
2025-09-06,100067.38268448052,67365.98134351092,134574.64113104972
2025-09-07,19804.046195008064,-13716.904619367378,54846.14766571249
2025-09-08,84719.33505081892,50766.77854986521,118976.66526730191
2025-09-09,88428.86445285658,55752.50324930537,121097.79117531257
2025-09-10,79477.11971831945,45741.4717373897,116299.87756410157
2025-09-11,84773.32660783884,52346.531843869365,117015.72185057428
2025-09-12,114304.22780573038,81939.93664492213,149999.28216446727
2025-09-13,94976.3833711986,60936.36091428458,126781.28762868948
2025-09-14,15298.461269655003,-19731.70317504129,48024.840634646374
2025-09-15,80921.53299457526,46562.67710345275,113480.32457021218
2025-09-16,85440.67684097507,49420.209556542475,117874.06728809846
2025-09-17,77376.78595674805,44699.12461235097,111776.93533415034
2025-09-18,83613.11968736975,49065.28724563774,117037.85387270468
2025-09-19,114108.84964617917,82514.07804247244,146371.85058406097
2025-09-20,95742.12452016855,61406.09508454654,129942.76564103417
2025-09-21,16993.240223304427,-17466.495272638644,50651.34647915994
2025-09-22,83485.76181201826,49726.20660318626,114880.42718347452
2025-09-23,88788.9468458901,54067.52924966257,120630.19397487144
2025-09-24,81400.32842786319,48095.17247631001,114423.63158686562
2025-09-25,88182.97309479822,54324.07731347063,122362.5846225639
2025-09-26,119079.64348540978,84387.16900026186,151068.2343406145
2025-09-27,100956.3707861223,68609.2690818933,136649.9851803042
2025-09-28,22286.00763857976,-13111.390386103398,57033.41090363722
2025-09-29,88689.59557329932,55380.59414497265,123020.77080371845
2025-09-30,93738.88828525323,60714.273868706914,126579.47122282142
2025-10-01,85938.88486935767,54218.46241829233,120739.1850730098
2025-10-02,92164.88850490417,57328.467580308745,125558.90323564825
2025-10-03,122376.32527116829,91084.69185089169,155534.42600803918
2025-10-04,103459.83720636652,70316.53587055451,136061.95133051058
2025-10-05,23912.233520337657,-7255.5771894788795,59330.342764694215
2025-10-06,89381.1510171134,58822.310374213106,121236.12399598713
2025-10-07,93466.78532481592,61116.62779607745,127759.16576474694
2025-10-08,84703.57005833814,50986.3153675943,118076.74104732038
2025-10-09,89996.34447321924,54806.08991997211,123997.61410837731
2025-10-10,119333.27070689849,87280.31139800508,153541.94501454817
2025-10-11,99628.04170453199,64360.01493025933,131325.2175565543
2025-10-12,19401.990501374792,-14017.588882363118,54163.61098303599
2025-10-13,84323.97766192378,50960.09651250944,115087.9829681006
2025-10-14,88011.44243165829,54355.90045584938,123095.58932956966
2025-10-15,79011.28470871624,45836.26019784736,111372.25654883473
2025-10-16,84236.29392749822,49967.38442328957,116480.68429391593
2025-10-17,113677.08592535739,78612.6282459993,148074.6065921455
2025-10-18,94244.41372453085,60905.33331038868,128211.93861226011
2025-10-19,14451.311366639362,-21576.80071031005,45867.69627820468
2025-10-20,79953.17999855033,48410.47845845667,116005.66305538372
2025-10-21,84349.19785693428,51805.09547598237,119684.93464214499
2025-10-22,76163.94399736302,43167.23241472348,111832.88075903025
2025-10-23,82283.78128139107,48178.66426293293,116337.32978266763
2025-10-24,112670.25666622078,78365.31882942819,146127.84998662796
2025-10-25,94203.04883702518,57766.36015052947,127756.33448850743
2025-10-26,15363.055027670649,-19559.487157319778,47299.4273402223
2025-10-27,81773.46770207387,46872.45658826763,116774.20919297227
2025-10-28,87002.19389520717,54716.25731970586,120452.22177621056
2025-10-29,79544.47729806144,46974.708749199184,114283.94811679357
2025-10-30,86260.23874159371,53414.21755307968,121021.40186382558
2025-10-31,117088.36407338432,85253.89226930731,150397.59123434435
2025-11-01,98890.44205317451,64351.26569726657,131520.2076400883
2025-11-02,20134.51917328626,-15999.458672012113,54220.84297537701
2025-11-03,86436.70034586951,52302.530939426506,120141.5615710001
2025-11-04,91363.93041988875,58671.74520503315,124617.07861684046
2025-11-05,83416.80322146787,52136.59118564362,119253.16825904007
2025-11-06,89466.90527401313,55597.95042064711,123278.88282629418
2025-11-07,119470.91988953967,88360.51224507089,153904.96767173483
2025-11-08,100313.996305799,67434.64403089098,135212.4346217977
2025-11-09,20492.958186706892,-13713.008073010862,54386.30732315344
2025-11-10,85657.19304473477,53269.612507962294,120965.6590107002
2025-11-11,89410.57508960034,56428.532942109065,120764.89836986792
2025-11-12,80293.29019384886,48764.83552531666,116501.10161778392
2025-11-13,85218.09604521454,49044.461627178425,118404.74548980825
2025-11-14,114183.27227913422,79523.23880895821,147977.82249564328
2025-11-15,94114.79679915235,61754.21982559235,130288.7218466735
2025-11-16,13548.355681853747,-19616.47162633375,47502.01674974617
2025-11-17,78169.06193891098,45308.35694971241,113066.7710314145
2025-11-18,81612.2690452105,46034.81662284286,115206.00576164202
2025-11-19,72444.3800747891,38305.69604201163,103407.70664893869
2025-11-20,77598.21548262918,43580.204293224975,110483.53107264118
2025-11-21,107085.22126709794,72667.44439835894,141553.93991132182
2025-11-22,87837.07682606415,53855.236530057846,122565.59274327659
2025-11-23,8387.328490754546,-25688.456359151645,42108.46700103354
2025-11-24,74410.93753109004,39572.30859531364,107767.14082614426
2025-11-25,79525.13652678873,46911.11973876959,112236.66971723361
2025-11-26,72270.49716735075,40143.65878340507,106376.53397726746
2025-11-27,79546.76881599269,47460.870515784816,112907.74729536928
2025-11-28,111325.7600104395,76085.94035695633,146060.18092053384
2025-11-29,94493.80699755425,63904.308240584636,126871.00554979932
2025-11-30,17534.43478205004,-16905.820607829297,50452.88143114618
2025-12-01,86069.07420923046,51248.897522490035,121184.53158790499
2025-12-02,93659.19958849403,62544.8193061746,128316.55798491913
2025-12-03,88788.75718548961,52339.22417433137,121226.97637012128
2025-12-04,98301.40871233399,66463.68335716275,131678.75545032762
2025-12-05,132114.82525111502,97676.98522688355,166096.29964133963
2025-12-06,117064.5384338235,81412.21137664578,147363.6486551423
2025-12-07,41587.91756215188,10455.88024039495,72209.39316743164
2025-12-08,111266.10086495173,77090.92330836278,146879.43295116755
2025-12-09,119627.21253977763,84231.27176893355,150516.67424685668
2025-12-10,115129.70639681877,81873.97939612705,151701.70939582353
2025-12-11,124600.33490929924,90582.21398895641,156346.12387456227
2025-12-12,157948.95866999542,122869.83638375581,191145.45552342932
2025-12-13,142012.68810617953,110478.88239154147,176572.9545030793
2025-12-14,65239.91706570352,31273.557586853996,99943.11922454268
2025-12-15,133232.0735707681,99597.03413964855,168749.21152413051
2025-12-16,139546.42275533272,106519.65938990703,172524.78074898286
2025-12-17,132678.7723799821,98207.29832005124,165019.1479846846
2025-12-18,139500.59526744933,106042.78732822338,174651.8359245197
2025-12-19,169972.8047657673,135068.20058431214,205098.17417905218
2025-12-20,150988.70120563195,118014.97818941405,184030.2949183317
2025-12-21,71056.67936389368,36860.722197687915,107784.588771548
2025-12-22,135840.5563628632,102112.39005544165,172737.08459107846
2025-12-23,138960.8911790735,104818.18996316094,170676.8764689666
2025-12-24,128976.18470556609,95369.72175840565,164339.19255778907
2025-12-27,138983.7695662646,106368.08326090647,173926.55505365974
2025-12-28,56806.7383387281,23832.659985886752,91373.8780318109
2025-12-29,119677.58437935595,84961.39853870225,153251.02979362672
2025-12-30,121247.84131576728,87999.74445101742,155630.51774360426
2025-12-31,110098.29914263706,76587.91509205583,144045.64543874504
2026-01-02,140497.31768367707,106875.07164219751,172231.05705835554
2026-01-03,119007.67862721928,83415.50821574178,150541.74506443855
2026-01-04,37245.21561686507,2082.743810376141,71145.93921043228
2026-01-05,100889.56736266427,68489.67545633506,135668.2443220433
2026-01-06,103561.2093847761,67841.66590776318,133246.86624667887
2026-01-07,93802.8731061544,61879.06355788362,127623.1860102856
2026-01-08,98515.7884060346,64587.0298037892,130947.43674581064
2026-01-09,127673.00543600021,94079.01013435803,161269.9163170819
2026-01-10,108162.32221150305,72614.29922674695,144004.1909755704
2026-01-11,28469.4052246223,-6580.670173936963,64182.19225577389
2026-01-12,94218.948305962,59764.68163438096,125429.41590678033
2026-01-13,98977.21648204718,64790.61397728485,133871.24673565564
2026-01-14,91234.82850344895,56904.457846861034,123845.63427154679
2026-01-15,97844.2871693344,64120.59428788728,132273.78593991033
2026-01-16,128734.48002128911,95919.6580252763,162334.72942691224
2026-01-17,110754.64693449212,76987.23773827213,145614.75882397415
2026-01-18,32358.375910838353,-3085.0738309182643,67103.07871194763
2026-01-19,99145.45107057157,67988.64798910871,132078.65360085832
2026-01-20,104664.88362710425,68603.14566533804,135782.18523831211
2026-01-21,97397.96919441038,62506.38198248891,130343.9295416771
2026-01-22,104195.8761316683,70384.194603593,136282.91263850618
2026-01-23,134993.9890148599,102083.01019820203,170893.0397005338
2026-01-24,116655.51115166678,85665.45177526868,151281.95374241032
2026-01-25,37654.90043218486,3154.143494411015,71291.85039104328
2026-01-26,103618.98068572163,69921.74238585346,137223.12594964905
2026-01-27,108129.0821035316,75630.76806811673,138755.2167663723
2026-01-28,99703.08106769258,65985.31033965707,135802.7757561262
2026-01-29,105231.87361047872,69801.2888101519,138507.83545783203
2026-01-30,134692.53929766943,99126.10849536152,163462.92550672777
2026-01-31,114990.73289105421,82932.03861207448,148097.9207686751
2026-02-01,34642.912223397085,1027.205363575528,67546.00458341213
2026-02-02,99316.27803503785,66832.08731186367,133627.29053223372
2026-02-03,102629.81149708375,68638.82409603785,138008.60446501814
2026-02-04,93135.30933149485,58590.68466902453,126053.66766878859
2026-02-05,97752.97781771119,66633.1354776513,132972.65657316
2026-02-06,126483.8648153001,92851.69872050827,158790.4721401905
2026-02-07,106251.68567847193,72285.02702894692,141261.59020957275
2026-02-08,25584.664818158024,-10505.874317702352,57991.28579313011
2026-02-09,90155.27677300519,57377.43575468518,124342.48250331313
2026-02-10,93581.27519621505,59502.446886216596,125878.70162900352
2026-02-11,84406.9069009973,51088.01215639388,117870.83519933105
2026-02-12,89538.86418296173,56900.682879335654,125115.30911754257
2026-02-13,118959.24145601576,86158.24555242008,152610.41837498508
2026-02-14,99568.03439585523,67387.41719660106,133964.5630370522
2026-02-15,19865.781632532497,-12163.20475707857,53917.91154543476
2026-02-16,85494.20776401943,53323.2759104591,118835.20065861262
2026-02-17,90038.22840623373,57554.42852935828,124506.24577321664
2026-02-18,82008.18493342644,49182.93967651461,117194.97505281617
2026-02-19,88276.83172200245,55252.27997837512,122497.17609763033
2026-02-20,118793.31149397974,86803.16857935417,152185.58664920903
2026-02-21,100426.6273556237,67618.65555640744,132788.42511954697
2026-02-22,21649.183662940966,-13818.601158631423,53370.478897463065
2026-02-23,88078.2290642381,52394.062476286,120663.98327799767
2026-02-24,93278.5401860512,55891.55562950957,129623.9745316195
2026-02-25,85745.19519284833,53392.45833483708,120812.88100701313
2026-02-26,92340.94588813155,59021.94669914646,125134.25438959492
2026-02-27,123010.4144909292,87794.81083878549,155334.39978047815
2026-02-28,104623.6191066321,71120.9171154037,139392.90894773096
2026-03-01,25659.400437791664,-7722.121059284279,57688.72878293799
2026-03-02,91746.58841315687,58334.48303708099,124943.2494418816
2026-03-03,96466.25725511478,63861.223311102345,130724.4362390465
2026-03-04,88333.9326468675,53898.4334665517,121613.67776489984
2026-03-05,94236.27801845256,60260.02169400884,126154.60074310689
2026-03-06,124144.50778146039,90262.59784792722,157768.63303814072
2026-03-07,104957.05591025157,68540.79397890359,138805.61988067537
2026-03-08,25182.098732806808,-11357.215172643524,57757.7971201169
2026-03-09,90477.7980807645,58600.76240129991,126207.69995375069
2026-03-10,94453.64113207386,60804.70686170936,128228.30854836307
2026-03-11,85651.7679282139,52056.52296938723,120385.19294882174
2026-03-12,90982.83963870895,58051.151839476464,126497.43548088397
2026-03-13,120438.7194068578,88116.48436688428,156051.83381935925
2026-03-14,100934.51546015863,67486.39480579911,135262.06017251217
2026-03-15,20990.603302571108,-13879.119915128573,54264.25491722085
2026-03-16,86272.50726219844,50120.27247507221,119708.85420862302
2026-03-17,90392.0276208094,55323.5010039512,122665.96692844575
2026-03-18,81888.50973961994,48529.669159059056,114298.76092995053
2026-03-19,87664.80906192155,53195.96264834478,120633.27503779325
2026-03-20,117700.22004923888,86244.934866373,150029.31990153444
2026-03-21,98892.91049910459,67887.94952865639,132573.87695315084
2026-03-22,19742.465643727177,-15947.13865244534,53769.53164661943
2026-03-23,85890.40610426247,54632.043549393304,121445.62840721283
2026-03-24,90922.04643878913,58546.958464664116,123518.46600072902
2026-03-25,83348.56852232733,49115.271241404924,116259.40457615022
2026-03-26,90043.83944347058,55164.67747610626,123630.0065641804
2026-03-27,120958.21648009382,88635.63908905657,154565.49171398755
2026-03-28,102961.85457264895,65960.66883626187,135006.55924918348
2026-03-29,24528.09488950007,-9048.035162663315,57523.61604663094
2026-03-30,91274.77374091218,57495.6599141068,124540.38884437099
2026-03-31,96766.795469489,61715.15130804544,128809.72872066469
2026-04-01,89498.82281485018,55444.13109703409,125018.05483631605
2026-04-02,96332.59666578085,62345.89841878414,129236.00310257879
2026-04-04,109002.1651968507,78009.58247520862,141461.79731844575
2026-04-05,30181.814408079328,-1223.2674775732885,64317.85040774572
2026-04-06,96375.64128141987,63119.121849512005,128352.75756068624
2026-04-07,101161.10898410375,71064.13382126829,134285.62302046572
2026-04-08,93049.90722430518,60878.09290054626,125133.26456785177
2026-04-09,98924.79657911311,64911.052037536865,130104.06632664081
2026-04-10,128753.1961340154,95459.20449636946,162556.97536119597
2026-04-11,109430.03693669799,75816.54022604738,143070.12802302465
2026-04-12,29460.473803746238,-2965.9594469854733,61905.98549683433
2026-04-13,94500.31508398494,61767.277909888224,126511.40175725939
2026-04-14,98157.54012331294,63251.78716183352,132890.25665246713
2026-04-15,88973.78901822394,54957.180566410694,123520.36795879468
2026-04-16,93860.37168967073,60065.69053902978,128777.21217620108
2026-04-17,122811.06264644826,92377.52312501066,157135.42608659356
2026-04-18,102744.22637331375,68148.14861153929,135707.51434352307
2026-04-19,22184.88629233949,-11387.723763466316,55020.45938434576
2026-04-20,86804.61469752333,53222.86370778265,118503.15585696083
2026-04-21,90222.62811479715,56503.05181161228,123629.51223872966
2026-04-22,80986.98386210891,45055.262607449906,113358.05073031719
2026-04-23,86010.43225069756,51811.23652981921,117889.91366983288
2026-04-24,115283.19420194693,83088.5954346257,149900.43556495805
2026-04-25,95715.20859412689,61043.75863642293,127496.41821691128
2026-04-26,15818.457663359615,-18294.87699502025,50611.28234777697
2026-04-27,81247.23941827039,49539.524118221394,114562.78393365895
2026-04-28,85599.75954331126,50185.056166689086,121546.07513992816
2026-04-29,77399.92342786855,45058.44263437262,110837.28971116974
2026-04-30,83533.8649401062,50135.02071396465,115887.77634592925
2026-05-01,113963.46176042722,78182.063616165,149197.22488503778
2026-05-02,95569.36008591483,61129.22191591609,128700.55585418956
2026-05-03,16834.0946370381,-15533.3793481875,50389.55427156722
2026-05-04,83383.15029949014,50715.03133717013,114575.31533934502
2026-05-05,88787.31566581297,55836.34755820956,122920.63481738261
2026-05-06,81545.18799267369,49912.36802644919,116194.86335960998
2026-05-07,88520.34672479989,56465.38821625884,119742.69723813322
2026-05-08,119655.42816854519,87348.48139185534,153240.15878088266
2026-05-09,101815.6095837152,69005.0463713816,135166.8475981757
2026-05-10,23472.07717367768,-9569.653318473538,56881.28986816652
2026-05-11,90243.31623911778,57716.39349535717,123445.51565801627
2026-05-12,95697.56926870585,62614.3658149454,128710.79921235124
2026-05-13,88335.32064967637,53088.37538930939,121408.61176185454
2026-05-14,95026.32794998346,59627.87861571768,124661.09534756147
2026-05-15,125723.43865664571,89756.69245249382,156324.72496976968
2026-05-16,107305.71020139524,75320.28432762533,141601.2861022513
2026-05-17,28261.420252670134,-6534.250912443323,63193.29441590999
2026-05-18,94228.82055056098,62739.226586097655,127721.6337234889
2026-05-19,98797.99711531353,64856.233800224116,134234.03140219432
2026-05-20,90492.7140497847,55429.98600949587,122941.81946171315
2026-05-21,96206.7803630654,61863.05568295594,128476.93806012909
2026-05-22,125917.19848016035,91433.67711041267,161010.49106550994
2026-05-23,106526.63178667682,73412.69496002722,142872.59032981063
2026-05-24,26545.796841673167,-9303.776248771253,60611.14600980469
2026-05-25,91633.65078375331,58466.702574930605,126082.11079584282
2026-05-26,95398.75210795745,62457.02483400895,128136.89786313393
2026-05-27,86380.68504219559,51753.78573981399,119900.6369333919
2026-05-28,91486.09726394394,57884.97196038562,123458.99984653882
2026-05-29,120701.61697985958,88289.69975112355,155022.77236268818
2026-05-30,100936.19093192297,68689.88147291797,134814.7685889348
2026-05-31,20703.449971326816,-14212.578083738921,56604.41178572908
2026-06-01,85661.97054739628,54197.20048725949,119503.15475823416
2026-06-02,89416.80504573103,54276.701296846775,121524.34511994226
2026-06-03,80501.16311663283,50533.085699099,112929.0179309413
2026-06-04,85812.7831003978,49826.720372100455,118814.62140259749
2026-06-05,115327.24677185148,80317.86371354517,150997.2438935692
2026-06-06,95940.76444253557,63107.06759837294,128427.21365520619
2026-06-07,16153.021293088794,-14583.141663832603,51355.14488097164
2026-06-08,81607.9368022977,46112.38880964485,117088.48607176825
2026-06-09,85895.69354604906,51434.86020577035,120462.66496977073
2026-06-10,77534.90120003588,45758.48063387502,113096.54042578144
2026-06-11,83409.41942430803,48188.65751455282,117478.5581235166
2026-06-12,113482.07878071221,77038.844789722,146581.81702755793
2026-06-13,94637.81444666698,62377.77916625074,129463.9834459645
2026-06-14,15366.793492422294,-19362.34467800484,48724.879918217404
2026-06-15,81305.37994332836,47402.92660932624,114987.82302242052
2026-06-16,86038.28894902206,53230.67274119441,120811.54830768325
2026-06-17,78080.7937445554,46132.02137180612,112165.73875923122
2026-06-18,84315.50978350789,49287.505732989724,116792.42524046512
2026-06-19,114705.998685087,81944.61554842012,152312.93571230708
2026-06-20,96139.71288903104,60325.58311773883,129145.25868192583
2026-06-21,17110.870321879658,-12996.781106499102,51499.90154690106
2026-06-22,83261.11394103829,50106.12891472503,115669.76739307492
2026-06-23,88181.31982261845,55250.39795728842,121504.0308591574
2026-06-24,80393.43113914815,48486.824779507915,112391.6775881491
2026-06-25,86786.85686174384,53983.97492824146,119824.61962594013
2026-06-26,117331.69262309706,84842.27267089605,150028.7213836697
2026-06-27,98921.29923487785,65827.62961914236,132683.89447591515
2026-06-28,20054.84209338574,-10930.070268644185,53168.2950451898
2026-06-29,86377.65910679907,55115.71939635482,119028.8485402809
2026-06-30,91482.83200117327,55775.720971915405,125002.22521890598
2026-07-01,83892.84756522904,49649.643094957704,117867.72315165734
2026-07-02,90495.89460518946,56870.52077097337,124336.34217916928
2026-07-03,121259.05845635913,88161.36898588248,154710.1207271193
2026-07-04,103070.95027931142,70037.26844715097,137249.53375038732
2026-07-05,24424.37335839866,-8514.03513942766,57147.90263268035
2026-07-06,90956.89029691095,57138.0307595844,125122.23323177942
2026-07-07,96252.65962176246,62067.18306757641,130977.51880217445
2026-07-08,88824.41959320285,57706.60715357106,121602.52211426025
2026-07-09,95550.15411482679,62490.01424144385,128698.07977967465
2026-07-10,126386.68992053258,93730.16912661848,158389.94794857968
2026-07-11,108212.7482490005,73327.16210293828,139976.29200586388
2026-07-12,29512.038299174892,-4546.406299325593,66187.73091113145
2026-07-13,95914.24103563119,63138.369692019165,130262.66400942502
2026-07-14,100997.23662386293,67436.65597480722,134974.0058433035
2026-07-15,93269.43869297711,58346.26623644707,126311.39579394092
2026-07-16,99606.75681669655,67974.946215343,134168.83821505035
2026-07-17,129966.42447286844,96135.58106190785,163907.765732756
2026-07-18,111230.20576440942,77629.59127141163,144471.4904511041
2026-07-19,31887.56061090574,-3130.1893252403397,66383.1953642294
2026-07-20,97576.61203935012,62953.06727413806,130613.74459772395
2026-07-21,101886.26673395418,68300.66816949568,133141.46106121977
2026-07-22,93338.35287655384,60418.45012777877,126041.8406951738
2026-07-23,98824.30045986176,66424.26310141063,131644.89336947358
2026-07-24,128318.60801578162,95947.98592481868,160547.89548409672
2026-07-25,108721.61843514373,77598.9190695626,140983.51491897664
2026-07-26,28542.195442336175,-5566.3941011176175,60759.925656020634
2026-07-27,93438.15831668113,61067.013495774794,128357.02651270747
2026-07-28,97017.8416963576,61846.98019518609,126905.83055136698
2026-07-29,87821.66139430112,54298.35523445488,120913.06033353858
2026-07-30,92758.22902721276,59692.520380955975,125705.23000764962
2026-07-31,121817.27718583678,89090.95796211946,154234.1586723983
2026-08-01,101911.9352205601,69536.70090452034,136500.33772234278
2026-08-02,21560.963661893446,-11505.613032578003,56295.60675774874
2026-08-03,86428.81984914506,52102.90242222726,117508.94674574258
2026-08-04,90126.93462542164,55464.95491604255,120400.38026230935
2026-08-05,81195.09164003484,49499.90607932618,116249.4180405646
2026-08-06,86537.45991633115,53572.766172346215,121185.69921770145
2026-08-07,116135.54620156679,82857.32127660546,150237.6465731682
2026-08-08,96890.60871816156,64319.22152621541,129139.24831442379
2026-08-09,17306.13852959458,-17642.118822253553,51118.06216147535
2026-08-10,83028.27594621624,48617.774296852855,118021.63783367364
2026-08-11,87647.53344083724,52691.62727178314,120748.14425566059
2026-08-12,79680.7052013495,44915.637207003885,113883.81148801553
2026-08-13,86007.49983575342,53790.43280125854,119517.00271999813
2026-08-14,116584.14627262113,84805.49601153519,151947.30731863357
2026-08-15,98286.49613097527,64004.928842252455,132695.01376562007
2026-08-16,19593.20909476423,-15542.262823077624,51700.22080550846
2026-08-17,86126.86826924316,52255.0413166477,120115.09681137405
2026-08-18,91456.3763967869,58711.854567964925,123393.79977747933
2026-08-19,84079.49292183305,49217.6104583768,114080.8272626225
2026-08-20,90860.02936540848,57469.695490246086,126249.63685711782
2026-08-21,121741.93565547839,86139.84620131788,154843.50229174178
2026-08-22,103592.78550117322,68405.04992438278,136661.5721151129
2026-08-23,24887.2348440911,-8435.51158678755,57396.496108653606
2026-08-24,91248.29095944318,59523.792130309055,123129.45583656702
2026-08-25,96249.73709713851,60511.97211705181,129353.71080392995
2026-08-26,88398.57029517619,55737.80665653882,120726.02414356759
2026-08-27,94571.97121588235,59658.516287390594,131204.98707437352
2026-08-28,124731.04379106723,91688.05438267348,157852.71135752744
2026-08-29,105763.84153809522,73395.82615396936,141127.52129019113
2026-08-30,26168.266768556634,-10434.384331669968,60235.234150066135
2026-08-31,91592.6955492929,57955.45642277008,123908.12629468276
2026-09-01,95637.69124377966,63955.43511029923,130298.74957959169
2026-09-02,86837.68438899759,53204.75547142919,121091.0208628869
2026-09-03,92097.15944861126,58250.05424146701,126479.5271800935
2026-09-04,121403.60889333468,90164.24324764105,156250.32950414624
2026-09-05,101669.79442061674,68172.3120633008,133896.0093193731
2026-09-06,21415.924112813227,-12111.04297293222,56930.221606893356
2026-09-07,86309.61990708821,53557.592458569205,121338.72449953342
2026-09-08,89967.05802198594,57942.78197359244,127328.61016204252
2026-09-09,80934.17760066199,49841.91673173257,113699.80895616315
2026-09-10,86122.51276958968,52141.137141886305,119116.30948712319
2026-09-11,115521.91991386698,83291.4903273603,146687.11749955613
2026-09-12,96042.74765277414,60979.76804635617,130476.5504732869
2026-09-13,16198.062053698566,-18080.950884498794,47412.295280850645
2026-09-14,81643.80110735589,47856.20690409628,117281.956151389
2026-09-15,85980.23666130741,52499.306647106925,119094.72884487182
2026-09-16,77733.63059523076,44172.39029160868,110510.89310767518
2026-09-17,83792.62818175965,52185.07257629275,117453.61885256952
2026-09-18,114121.64469434581,79523.79892844167,147485.4725800969
2026-09-19,95603.77398931971,62405.14360249578,128442.15852276904
2026-09-20,16723.810337468225,-17020.194355926484,48774.92571551614
2026-09-21,83109.23437452107,49713.483606224836,115803.05166837426
2026-09-22,88332.51699494918,57133.716852806676,121925.25759450204
2026-09-23,80893.60309084137,47016.66862821569,112801.92524502907
2026-09-24,87657.09342088128,53528.63864943388,122030.17205085538
2026-09-25,118566.35697458913,86372.746464422,154422.1149150846
2026-09-26,100487.08053021677,67903.5051573666,133144.39883774405
2026-09-27,21890.826987781795,-10681.631281842541,55754.64236694837
2026-09-28,88396.43660055408,55142.04674366354,122338.90304093814
2026-09-29,93572.61164226159,60337.26133596862,127611.76963283849
2026-09-30,85920.53701651013,51662.475859425074,120914.78217306784
2026-10-01,92311.04989669808,58141.36619517159,126346.75490326177
2026-10-02,122698.58996109849,89826.29788539196,157391.6648410918
2026-10-03,103964.44057306169,68894.19263808202,140466.00502574118
2026-10-04,24599.84052465336,-9291.687590574344,58618.97758907637
2026-10-05,90246.81270064511,57797.677578877505,120934.96281720628
2026-10-06,94500.06627862954,60694.17522924499,128080.23702194901
2026-10-07,85888.8444919846,50905.915325684684,119918.35532389268
2026-10-08,91313.2534216558,59467.97922920081,124273.04723877543
2026-10-09,120757.32800334001,87408.49325022286,154948.16453016875
2026-10-10,101131.37174809845,66815.99718438285,131514.57334612796
2026-10-11,20954.176712425164,-12973.1905347096,54129.46225948759
2026-10-12,85892.99696265729,54843.08199637387,122088.79718878143
2026-10-13,89564.6582279071,55961.15565279618,122542.0029133987
2026-10-14,80516.70023784088,48847.88794382091,114633.31977432455
2026-10-15,85663.10934508235,51447.38412834576,116553.38642123666
2026-10-16,114996.91673368865,83189.20039626092,148687.64199094058
2026-10-17,95432.21421005849,60744.71480337352,130210.74017773593
2026-10-18,15486.20550109948,-18797.181647853275,48582.006018513275
2026-10-19,80819.1732043202,48082.55500691066,113801.27228917106
2026-10-20,85035.746241209,49304.52722108072,117553.71484217905
2026-10-21,76666.36161345338,43328.849319219335,108974.84634159575
2026-10-22,82603.47053353916,48555.27503822768,114982.66677252264
2026-10-23,112814.7520460026,78124.71135601711,145704.72276867874
2026-10-24,94185.86959289374,58679.67558323702,127798.93425975737
2026-10-25,15203.367994619417,-20101.72649470403,52700.2803428132
2026-10-26,81495.5671682422,48773.34071837827,114168.79700677305
2026-10-27,86634.8109217798,51828.09794260954,122159.31540935024
2026-10-28,79119.93614685045,45730.0374527155,111599.73646238439
2026-10-29,85813.48286509917,52154.665594440296,120947.2744960389
2026-10-30,116655.87833050343,81590.29987379273,153935.34498288293
2026-10-31,98509.10130849022,64269.216667413435,132866.22718849854
2026-11-01,19840.39609861611,-12916.593823823276,54810.331906392654
2026-11-02,86263.86699288522,50565.65027982963,118482.86940500948
2026-11-03,91343.28891044018,58490.53195349651,127193.51613537053
2026-11-04,83574.98065917057,48287.97974761904,114913.86944574471
2026-11-05,89825.24673833577,58000.28485256427,124032.05724422015
2026-11-06,120044.6111233548,88567.76320911355,155339.07979655333
2026-11-07,101111.34453240426,65309.102408017345,131560.1086847653
2026-11-08,21514.855447011258,-12364.400536765776,56308.255212984615
2026-11-09,86896.78165896979,53902.63393970066,122171.66739202887
2026-11-10,90853.12941618632,59694.988589352055,121592.62507541497
2026-11-11,81916.32297032591,48470.54673276597,114575.35404010992
2026-11-12,86991.69136946362,54129.58017704262,123473.25023990883
2026-11-13,116070.64093072526,82815.73676179843,151226.6636896028
2026-11-14,96073.04327128708,61283.949760758434,131152.94931641687
2026-11-15,15529.44017019558,-19013.565791691522,49656.7999141871
2026-11-16,80120.93481229607,46780.05784545694,111956.50683037317
2026-11-17,83480.15013023913,49496.20417901432,116659.11824755413
2026-11-18,74172.15061819162,40508.91382409106,108082.37221528296
2026-11-19,79129.88701008829,45868.05236972409,112660.76656160427
2026-11-20,108366.44286037871,71501.93266018285,142596.2980718987
2026-11-21,88816.64067608636,54363.02792747164,120347.42828534184
2026-11-22,9018.633007831872,-25690.965993661488,41350.45575639128
2026-11-23,74653.36782584806,42830.783866690894,109826.7238853367
